filename,category
me3uqlixjn.jpg,0
5c0vsrdtpq.jpg,0
swixut5b3l.jpg,0
m0eqa926lo.jpg,0
5jr6x2y9p8.jpg,0
9y7sv8xqc2.jpg,0
nzt9hr5se2.jpg,0
niky1zwp74.jpg,0
3jdlrqgcz4.jpg,0
m4dtjfyu0w.jpg,0
utg5o0ih6z.jpg,1
lqm4f15bdw.jpg,1
h8q6mjt0kd.jpg,1
s63th18doy.jpg,1
gr8hxnsmju.jpg,1
x96ckwmedv.jpg,1
7m94tnvze5.jpg,1
98uhpvlfni.jpg,1
iyu1mzhdce.jpg,1
hfyk9wvsxa.jpg,1
jhe6u5mwp2.jpg,2
h5bx9jv63s.jpg,2
wx8no1cjyk.jpg,2
ja9crqih30.jpg,2
dpz5aoh7k2.jpg,2
zcjqhoyiun.jpg,2
6f7kg94lr3.jpg,2
j6qpndl9ts.jpg,2
ugbyf48nv9.jpg,2
1h5kftvwp8.jpg,2
63xtqlbvyz.jpg,3
um1hgs7kd2.jpg,3
3displcbjm.jpg,3
ibtero3ms6.jpg,3
96w1lsatxu.jpg,3
or1wgu27ev.jpg,3
igj8um9nbf.jpg,3
uxjqrhm8gi.jpg,3
kswn13567i.jpg,3
6dt372ph9b.jpg,3
ecdlfj85aq.jpg,4
jmlezkuxg7.jpg,4
lhgy7afrkz.jpg,4
s9iq8lnv3h.jpg,4
j7xdriveow.jpg,4
oyhrqla1dg.jpg,4
nr29ga6uws.jpg,4
4gju5wsr3a.jpg,4
ivxu4fwkc5.jpg,4
zbehxidyv0.jpg,4
mo8gw4rhsx.jpg,5
ae7udy4p59.jpg,5
egpvrou3d7.jpg,5
aqkgo7b3cn.jpg,5
m8hyiojxws.jpg,5
f38ismvaw9.jpg,5
bm2detzing.jpg,5
i4yt8j7bgl.jpg,5
nsgd5kwh4x.jpg,5
n1gapuosf4.jpg,5
c1h5r96ls8.jpg,6
y058cohfkg.jpg,6
5yp3tnqvcd.jpg,6
xf89pjd62o.jpg,6
cbinfhqu52.jpg,6
kzd9l6rsop.jpg,6
p8vfo5jxhi.jpg,6
gfhsr02ijw.jpg,6
oubn0i65fw.jpg,6
pvf8oy7gm0.jpg,6
nilxap196t.jpg,7
q015k3zh6i.jpg,7
mhjtwade1g.jpg,7
m5adzh1bni.jpg,7
odkh4zs8e3.jpg,7
zhg3nvpq5b.jpg,7
2sw6jh5c9g.jpg,7
q64mcxwlge.jpg,7
gtwmer0l4n.jpg,7
e5yusoh287.jpg,7
a2z57xc4jf.jpg,8
xh8t01rafv.jpg,8
43q6y7vh2j.jpg,8
sberz5dlxf.jpg,8
16p7w48agz.jpg,8
8si0wlpuk1.jpg,8
wf2gj6947t.jpg,8
qgahf5x8mk.jpg,8
mgn81z9kc3.jpg,8
5hykev6s9f.jpg,8
qa1hdxrlu5.jpg,9
ar38hlz16g.jpg,9
uqyjgihwp4.jpg,9
vlzs3ih1yg.jpg,9
onbzlwsvxg.jpg,9
bkmc3ufr4d.jpg,9
8xbjve4m96.jpg,9
5t0c9zgjni.jpg,9
l58m62qant.jpg,9
rgcyuwftmp.jpg,9
ktx1327qoy.jpg,10
xc0es58hml.jpg,10
8b7fj6cqh2.jpg,10
nkhys6mdgz.jpg,10
xmlwrj5pq1.jpg,10
9y5g7hs28o.jpg,10
p0217wde3i.jpg,10
ent5160voj.jpg,10
dnkx23t4l0.jpg,10
a7e0ohzlr4.jpg,10
edqpj7lc9w.jpg,11
t6un7lvw3y.jpg,11
igs1wo7qkj.jpg,11
v84esc5hwq.jpg,11
bgwtk4fx1y.jpg,11
agj4spqzex.jpg,11
bj9tr08eoi.jpg,11
jvz2i3gnt1.jpg,11
fikgmoh8qe.jpg,11
bpa2gctuoy.jpg,11
ch6am7ox8b.jpg,12
smhd3q9uj7.jpg,12
4gdkj7sivu.jpg,12
1y8v9uoerm.jpg,12
0e1u74idof.jpg,12
wkq2cxavj0.jpg,12
43reufjtbk.jpg,12
6y2g4zn701.jpg,12
ek04buavnw.jpg,12
9hpl18m5sv.jpg,12
7vj8cfwtgz.jpg,13
9pkz40oquj.jpg,13
hrc97on1zx.jpg,13
l4eh56vxm1.jpg,13
au51dlkvj8.jpg,13
tg54hnrxdp.jpg,13
8qxyeg4dmn.jpg,13
ominlbqhz6.jpg,13
gx30a61mz2.jpg,13
utsd5lnm0y.jpg,13
gh1alfj0np.jpg,14
uj3hz6dtg9.jpg,14
g4h79n0pte.jpg,14
52b4z9ls37.jpg,14
pb39vfweix.jpg,14
w27nmkfge3.jpg,14
nf86kzmo5j.jpg,14
jdgiuf2atv.jpg,14
qd1hiyl45j.jpg,14
u6cfite01s.jpg,14
o0s1ywk9x5.jpg,15
glncqif729.jpg,15
2tnuikdfbp.jpg,15
1l4enr6axm.jpg,15
n6btglxu8v.jpg,15
3jpy6cmnbr.jpg,15
ruejingktz.jpg,15
ms8jy9hgi5.jpg,15
9xtuim10gj.jpg,15
whaqlx8tuz.jpg,15
sekagzlnuf.jpg,16
r81kif79xg.jpg,16
4i9kj51xro.jpg,16
14j7cbrunh.jpg,16
cmxpdeq2y0.jpg,16
kyj39i1n7r.jpg,16
hbt1u8cgqi.jpg,16
eflc59auo1.jpg,16
gpbcinw462.jpg,16
pelt745osz.jpg,16
gbrkmywx7t.jpg,17
djwx65nypa.jpg,17
6lcuzxyb7j.jpg,17
1enqlvtxo6.jpg,17
ntgosahmjl.jpg,17
8lgh6tnrmf.jpg,17
y81b3dms5n.jpg,17
j1yso54hl7.jpg,17
n87lkiq301.jpg,17
4uj97trdgs.jpg,17
qz563hux0b.jpg,18
mo27d49lrn.jpg,18
xs71ci35m6.jpg,18
ojxnaeclv9.jpg,18
dupnmqae62.jpg,18
yg6z4fxb8d.jpg,18
swa205jyun.jpg,18
rowl27bhk0.jpg,18
w045gb1xus.jpg,18
0kv8j7wohr.jpg,18
8bsn9wyqhv.jpg,19
2l3yac8t0h.jpg,19
wtfimkcv8u.jpg,19
q8v6mupkbz.jpg,19
2hydouif75.jpg,19
xcu6ijgktv.jpg,19
40j5ksl7om.jpg,19
r8yq5o2teh.jpg,19
kwcdlxb4q1.jpg,19
49knz0j8e1.jpg,19
1lebnyzs98.jpg,20
g8oxv0picu.jpg,20
8uamro2nch.jpg,20
dzwupx3lsb.jpg,20
1obsiaeh65.jpg,20
mngu7kwiat.jpg,20
7bd5rgnem3.jpg,20
pokuc62eyf.jpg,20
duc9o38q67.jpg,20
frajd51omh.jpg,20
kut80e51cl.jpg,21
5epn0r2dtx.jpg,21
lja6bvp21x.jpg,21
s3ckja17tw.jpg,21
a87q3bepnj.jpg,21
nbmtws1pko.jpg,21
8r2bdnhsm5.jpg,21
pxzfdtqso4.jpg,21
3swmn4zuv0.jpg,21
6sp0wd7hk3.jpg,21
s64tl5bnk7.jpg,22
macyh4zvdb.jpg,22
oqcu2nfrt3.jpg,22
t4n0gb5fqd.jpg,22
n41d2pwqvb.jpg,22
3dzgvj45fl.jpg,22
a1pr5fntdq.jpg,22
or3pey6xi0.jpg,22
zna1vob5ke.jpg,22
7pcasxfwe6.jpg,22
eiomujzwpc.jpg,23
nmcjeovyh0.jpg,23
67fmhwzi3n.jpg,23
10mkbruhvi.jpg,23
8yqvnu10tf.jpg,23
zhdp3y8mq0.jpg,23
403kzd58gw.jpg,23
vagjs43dwb.jpg,23
2w89rtl7jd.jpg,23
53vntake08.jpg,23
kxlvwfoyq5.jpg,24
6b8kanr4cw.jpg,24
whmaysji28.jpg,24
g0qr15bjsc.jpg,24
re3fbzd9pg.jpg,24
eftr73k51n.jpg,24
o4kcesbh1d.jpg,24
n5qhsfoke6.jpg,24
w0jr43t62f.jpg,24
cvq3kjy812.jpg,24
gmu5bwcd98.jpg,25
1r2305vbfi.jpg,25
4keqwaotvy.jpg,25
he5gjk6m3p.jpg,25
bzkli15mp3.jpg,25
kf680wgzpe.jpg,25
rtuzqw2ekb.jpg,25
abn7swh58l.jpg,25
ukjvo7164e.jpg,25
xq3klre8yn.jpg,25
kjo1np6xz2.jpg,26
c94qdzx2r0.jpg,26
qy079laemw.jpg,26
byil0spw34.jpg,26
zmhtnic29s.jpg,26
c4dvmbg71f.jpg,26
nteihj0byr.jpg,26
6biot3hemn.jpg,26
7v3tgx4bd5.jpg,26
y214qicd3x.jpg,26
rl6ybks15a.jpg,27
dp0mcb54wo.jpg,27
ox015ptw9v.jpg,27
mv48pxaun7.jpg,27
kgbl0y6c41.jpg,27
5cdyhl23ps.jpg,27
4oxyaepql1.jpg,27
8ju6wbpc97.jpg,27
27zahs4k9l.jpg,27
w2v9tap7iz.jpg,27
9tex4p2aj8.jpg,28
d12cymg8fo.jpg,28
p6bfo49zkh.jpg,28
7dwz1uabrq.jpg,28
zi1nx5rjwb.jpg,28
ecakwboqv9.jpg,28
utayink7ez.jpg,28
87vbakz9gw.jpg,28
j05ykuc2ed.jpg,28
1xlq475kg9.jpg,28
yl2mo8edt1.jpg,29
rs0h2nfg7o.jpg,29
wsgdbiz3ku.jpg,29
9saepkyoud.jpg,29
9p7hk5js3m.jpg,29
z1inxcdtpv.jpg,29
57ws9uc8oz.jpg,29
rekq6fbugl.jpg,29
grlqzhnyok.jpg,29
m3vsygqwbh.jpg,29
sfpl27c5ug.jpg,30
od8j3pyxl6.jpg,30
k4usoziyq3.jpg,30
sopc278369.jpg,30
zxa49ovwe3.jpg,30
0vq9ct7mg1.jpg,30
5qh0iegw38.jpg,30
psl082idhm.jpg,30
xstdcqruzm.jpg,30
fcailxtgyh.jpg,30
264zmpgj5h.jpg,31
nur7dmye49.jpg,31
2s03zy8k5x.jpg,31
su4akigqpr.jpg,31
hprzm6g2l4.jpg,31
1alfpuo7wx.jpg,31
cr9m2pteoy.jpg,31
d7qktgcmp0.jpg,31
c9s8mk7qb1.jpg,31
uswt82c3f7.jpg,31
kqx3vzt0d1.jpg,32
e24wptzk3g.jpg,32
d86mo41piu.jpg,32
hn7yg9elbj.jpg,32
1dyz2gk7br.jpg,32
0li9wram6f.jpg,32
e10ftm364s.jpg,32
jyqmzv45nb.jpg,32
72isl14kn9.jpg,32
rtuza85pdn.jpg,32
nfbtawq1ol.jpg,33
qplfwcjk5s.jpg,33
d4jbnrxowm.jpg,33
5h27wke0v6.jpg,33
m0yqtdbjgv.jpg,33
s2zpq4ijhw.jpg,33
uin30jloy8.jpg,33
2eths8c9vn.jpg,33
m0e3nis9vp.jpg,33
fwihzlqe7b.jpg,33
x3cvawts9r.jpg,34
l4x3916bvg.jpg,34
oatgn21muv.jpg,34
mv6bwf7rj9.jpg,34
0yfkw35h1m.jpg,34
4d0xa5yg38.jpg,34
rzp8oct4hl.jpg,34
n9qfsec5mb.jpg,34
pqexflu046.jpg,34
n6x5ezfiu3.jpg,34
qjem058p2r.jpg,35
9gdj4pk5t2.jpg,35
8mp2y0n5gf.jpg,35
v6nrahw5xf.jpg,35
ixgph4yve8.jpg,35
zjf9rqgxu0.jpg,35
arqzi9ojyu.jpg,35
jt0sfa4wz8.jpg,35
fxkjmy27s1.jpg,35
ztm78n2l6g.jpg,35
0kdx4m6jav.jpg,36
m67ainphvk.jpg,36
8m0rwzjbht.jpg,36
qnwsrv7xbj.jpg,36
pd368gxnhf.jpg,36
pnj5gk84yt.jpg,36
k43o7mg5qj.jpg,36
keh6g5lasq.jpg,36
vdsxg6mu2c.jpg,36
0txhk2rbud.jpg,36
mev1gotzfy.jpg,37
tel124nj6s.jpg,37
2pns8ayv31.jpg,37
it147s2axc.jpg,37
dnlfqi2oxu.jpg,37
5pdmtfbclk.jpg,37
3kpfvoexgm.jpg,37
a1mxo96lnr.jpg,37
3c76hjmz0s.jpg,37
p3u9d6hnct.jpg,37
cn7mhqkb39.jpg,38
op15mqifrx.jpg,38
ew4it5ofly.jpg,38
lvk5f426zp.jpg,38
v907h3oy5m.jpg,38
gnq2s8olrz.jpg,38
vfrmch3qp2.jpg,38
xpwsfu178t.jpg,38
2ir0kwam6n.jpg,38
9asthwiouk.jpg,38
9lm34anut8.jpg,39
751qgzdves.jpg,39
cquods1her.jpg,39
zlpef0vcos.jpg,39
j3yeqihsmw.jpg,39
vyd7npghlo.jpg,39
6wh7ygoqis.jpg,39
72auvi8oye.jpg,39
mzvitn8loc.jpg,39
jdlvzi6w70.jpg,39
9aczodugf4.jpg,40
jr4co1upx6.jpg,40
zmlvxb7ki0.jpg,40
frvu65iwbj.jpg,40
kro9c8vm13.jpg,40
ylacr28jqn.jpg,40
3762cgkobs.jpg,40
ma9yv2sjxt.jpg,40
4xpa0elowt.jpg,40
brhtju6dwl.jpg,40
uxp3h518go.jpg,41
y86keuj5ox.jpg,41
r4st9vf7lg.jpg,41
tk7mqp6rl0.jpg,41
nvrui6zx51.jpg,41
meu0khftby.jpg,41
rx9av5y4zw.jpg,41
n817licgxt.jpg,41
vu1synr2ld.jpg,41
084dzytmfe.jpg,41
styl072zag.jpg,42
2cihfpdmx3.jpg,42
pab2fg95dj.jpg,42
lynqizp3rt.jpg,42
5qo6s08m94.jpg,42
egb3lao857.jpg,42
eo17mysb5a.jpg,42
5hezj6917n.jpg,42
j8l7rb6x2d.jpg,42
9qrse3z2pc.jpg,42
pmrq7iwv2k.jpg,43
oj3qmpkhzf.jpg,43
0tcrqbus31.jpg,43
g4fmwbo16c.jpg,43
9cnwe1lij6.jpg,43
khoba54v1q.jpg,43
vi7remahxq.jpg,43
310fyoh8jx.jpg,43
a7qzs8ct4u.jpg,43
h36xio2yun.jpg,43
xch35mq6yf.jpg,44
82yvo75zqx.jpg,44
54tsmdypza.jpg,44
ni1sq4btro.jpg,44
relcin6j3q.jpg,44
vcrak19nhq.jpg,44
rjk1pd2izt.jpg,44
83labsnow2.jpg,44
3v4ja9rkuo.jpg,44
dsm74x9upy.jpg,44
nurf8e7516.jpg,45
c5arzvbl9o.jpg,45
g6dau8wo5z.jpg,45
w9cspv37qg.jpg,45
qij1df2b53.jpg,45
5isz8tmbnc.jpg,45
ou4cftbxn8.jpg,45
ixz2fmh8bw.jpg,45
9ysu1fcodk.jpg,45
gjno8qrtpk.jpg,45
l0xoj3eqzt.jpg,46
x839okpsr2.jpg,46
lqjo87mrhb.jpg,46
iknats6ufx.jpg,46
3rshz5gvja.jpg,46
gcwujzvh28.jpg,46
pm3d4c1qhn.jpg,46
qc48w9znxk.jpg,46
b6nd7w49yu.jpg,46
ivtnzhrdlu.jpg,46
1moguienbk.jpg,47
ka73bvsgw4.jpg,47
6co70z981h.jpg,47
qtb85i3wfx.jpg,47
dmnkrj3wsy.jpg,47
h2qk0uiwxf.jpg,47
lv21x7bruh.jpg,47
nmphylx1id.jpg,47
p78ksv2rdf.jpg,47
40pzc6lty3.jpg,47
y72lj3tbc5.jpg,48
5dmrv1yecq.jpg,48
y1p5g8hsq6.jpg,48
o1unmk6lqh.jpg,48
6ckta9lzo7.jpg,48
crbfd3hi0o.jpg,48
8apt9hu4rs.jpg,48
p8u5ric2ht.jpg,48
ge18s4wp56.jpg,48
w1kuy2fi6o.jpg,48
u9s8e1m4z0.jpg,49
46xw80hkz1.jpg,49
510lwubih8.jpg,49
lnscbdo90j.jpg,49
o6tahpz3nb.jpg,49
eto5s6pck3.jpg,49
hfe7rqdu52.jpg,49
qm30pdhwvr.jpg,49
02sx9ijfd6.jpg,49
xsw9qv0oy5.jpg,49
f68z915x40.jpg,50
sf3y7lnarm.jpg,50
sq4jl1xibn.jpg,50
lb6875n0f1.jpg,50
lqr413wijh.jpg,50
d2xcprsjmq.jpg,50
widmh6usgb.jpg,50
efwqhkrutj.jpg,50
xvu7ysbajn.jpg,50
5tebim3lx2.jpg,50
vmxw570c8t.jpg,51
4vd5cjpnm2.jpg,51
es6thuqfb3.jpg,51
u7lfe2nsim.jpg,51
1dx8hjnbgf.jpg,51
mh8voqnc2i.jpg,51
49mgbl6kjf.jpg,51
eznm5d8y2k.jpg,51
gu39d8ealw.jpg,51
0s8dp7i69a.jpg,51
umdhk3iab4.jpg,52
ekrsxihf6w.jpg,52
7kl2efju0z.jpg,52
91vtr5q8yw.jpg,52
jzskmofc6p.jpg,52
7omu1phtfw.jpg,52
vojkqzr2i5.jpg,52
xe5f8blhdq.jpg,52
ntz4yoiq0b.jpg,52
ldkg08m549.jpg,52
itb01ryodm.jpg,53
bwzex3s1nh.jpg,53
4hef09wsd1.jpg,53
72k0v5cjox.jpg,53
7acoxuz95y.jpg,53
gl1iujwoc3.jpg,53
5zalsobc97.jpg,53
uhqz65x7ia.jpg,53
zft9e6qnu0.jpg,53
tq5gae4sb3.jpg,53
12ish7g0zt.jpg,54
32fzagoneb.jpg,54
u8si09zra5.jpg,54
szedxk2m39.jpg,54
3imr5hlfp6.jpg,54
typ2q9sw0b.jpg,54
tfxsw93hp0.jpg,54
g8f2c0m4lk.jpg,54
yrucdahpm5.jpg,54
sz01dmrnew.jpg,54
pov7d2may6.jpg,55
vocu0iw7hm.jpg,55
zy9m06bhgl.jpg,55
by0ok4fxzl.jpg,55
c9l7ifzox6.jpg,55
gbr8o6p2zs.jpg,55
qdrlfpt8gn.jpg,55
1hm8ijb0vk.jpg,55
zdy20axn9i.jpg,55
remdslgt0u.jpg,55
vltg65hypb.jpg,56
24exlyszi1.jpg,56
m0hakzd8ub.jpg,56
0a7yscrh49.jpg,56
fot93imz1j.jpg,56
2j8bxnh640.jpg,56
x6ijkeatn8.jpg,56
ghk6ds48ma.jpg,56
i723kbzohc.jpg,56
n1iaerlzt0.jpg,56
k2q6us3z17.jpg,57
yscl65wze4.jpg,57
sguq8n5mr4.jpg,57
vnk0aqg3w8.jpg,57
gtzbudeivx.jpg,57
ydb9vfk8oe.jpg,57
sk3rb1in7f.jpg,57
t26js3x1oe.jpg,57
i4txfn51vc.jpg,57
1ic9ys5fem.jpg,57
h64sxmupyk.jpg,58
b68loqufk1.jpg,58
9lcrqfjb5h.jpg,58
d1bups6jy7.jpg,58
73ye0lkw1g.jpg,58
dqy7p98r6b.jpg,58
k9rleh1oqd.jpg,58
oa8phfck0g.jpg,58
clesxni0qj.jpg,58
9stfkuldec.jpg,58
ekocst68zm.jpg,59
bx8g51rnfw.jpg,59
qbuavtldoj.jpg,59
1ky6uhg4n2.jpg,59
216ulqy9je.jpg,59
mfj71ris36.jpg,59
fskpgzn3qj.jpg,59
clhk6o2nxz.jpg,59
l741euagmb.jpg,59
obn54jw0vr.jpg,59
latpdcu6qk.jpg,60
qdcpk1wolf.jpg,60
u31c6lixon.jpg,60
6ub9qf1jwn.jpg,60
9lym4ikfud.jpg,60
y0u1iwft7r.jpg,60
jzq15rcxbe.jpg,60
5gonudyvb1.jpg,60
ym2kqgnl90.jpg,60
0tzkesu7vh.jpg,60
jbkt70iyov.jpg,61
k7amfgqp65.jpg,61
g86p97ro3x.jpg,61
4py986qfen.jpg,61
1c3ou9kyvl.jpg,61
52wz6ckjah.jpg,61
bgndar2653.jpg,61
e7vqtr3fw4.jpg,61
0dwec2hx45.jpg,61
9qr3y8t7b4.jpg,61
ghzbrw3oek.jpg,62
0ja1dvs6gf.jpg,62
472c1db59e.jpg,62
lv91kji7td.jpg,62
3c2hnxmybs.jpg,62
qt52lapn4u.jpg,62
nih2x0zmsk.jpg,62
s3fb49g0dq.jpg,62
5342f170wa.jpg,62
spz1m2eu9i.jpg,62
y7kmwceang.jpg,63
6cme1zkb0p.jpg,63
niag2opwjd.jpg,63
2lrxn17mv0.jpg,63
nktm7ac6gu.jpg,63
p2ojvfrt7q.jpg,63
vz2n0icqt1.jpg,63
pi3qt1nwxr.jpg,63
wys0dev968.jpg,63
1kt9palgbf.jpg,63
q02ei3zgws.jpg,64
4b62xnfwu3.jpg,64
vyreho95ux.jpg,64
ex60y4qdzl.jpg,64
gzfpsk87mn.jpg,64
19urj54ob7.jpg,64
i32htf7rua.jpg,64
wy1jzlasc4.jpg,64
dzcoxpkt0g.jpg,64
gce2hnk9p0.jpg,64
62jfwk8lzv.jpg,65
lwe3au2t5j.jpg,65
d2skcf6qj0.jpg,65
0eac5fkrg6.jpg,65
8k9mz4ytfb.jpg,65
wvbs9arnp0.jpg,65
7zn2ew58ot.jpg,65
7tnc5jmp2w.jpg,65
f97e0ia5yq.jpg,65
1k2foyiqlv.jpg,65
neqs9dz40c.jpg,66
3mankqhup7.jpg,66
87k9b1tnwe.jpg,66
ti4lrx075p.jpg,66
7o5kc41zsj.jpg,66
oalq79x1c2.jpg,66
8fd0qkbhiv.jpg,66
2r4pswl6q5.jpg,66
xf6jtcyv5q.jpg,66
il84wysd0n.jpg,66
qb35s68pri.jpg,67
dkyjte6xbz.jpg,67
5g1u632jvx.jpg,67
8hak6n7cfv.jpg,67
hj3c5f8mkd.jpg,67
r4fc2pdhzy.jpg,67
9b65vjus28.jpg,67
9nkv3mx1py.jpg,67
7ugpqotjzc.jpg,67
dhnbmwe83g.jpg,67
7b8ejfau52.jpg,68
kzr6538ch9.jpg,68
526tfqw04s.jpg,68
5vhtxdopna.jpg,68
5foaivg7cs.jpg,68
5kabs4q6m2.jpg,68
y1ec6d48az.jpg,68
v9430rfi7h.jpg,68
2jog39e7u1.jpg,68
cygwl39k7d.jpg,68
uiw20z98n5.jpg,69
up1jt7ioe9.jpg,69
iqwcxahzbu.jpg,69
fm0itkjurl.jpg,69
9e4d025avw.jpg,69
2yhkn0qgt8.jpg,69
8borky4jvf.jpg,69
c8ljawbk2e.jpg,69
c7gkvlqb0o.jpg,69
3pe0du57w2.jpg,69
4y0kp3td78.jpg,70
f9px3ngvdo.jpg,70
e81wtuhipc.jpg,70
qmwsvek132.jpg,70
jpai2l9hfn.jpg,70
2xu3jb9w4c.jpg,70
8j346nlemt.jpg,70
1vqyj3280z.jpg,70
2glsqz7bpf.jpg,70
7tl31zpuyg.jpg,70
cr1nqm3zx9.jpg,71
tyo4s5rfwd.jpg,71
395ogwhz1d.jpg,71
zgclfw96kh.jpg,71
shrd4c8pou.jpg,71
nutdf6w8se.jpg,71
uldh4w7bqr.jpg,71
7nk4tehbil.jpg,71
4qhrtfv1zo.jpg,71
sf17odkbla.jpg,71
s7i0ozbqn5.jpg,72
f9gwqy2o1i.jpg,72
7gb6pamit8.jpg,72
7c1elmvr8d.jpg,72
n827e3axgz.jpg,72
tjyg0bhe3u.jpg,72
k2qmgoxs8z.jpg,72
60sqle9mu2.jpg,72
2ex1dclf3w.jpg,72
bu7ik1gj63.jpg,72
jy4ms58fo3.jpg,73
v49wfjo02y.jpg,73
k40l7vaw3p.jpg,73
dzxflg07yu.jpg,73
oebtq036w9.jpg,73
y7m8ebhko9.jpg,73
c9h2wi3fmu.jpg,73
spvjet76mi.jpg,73
x1b6pf3hlv.jpg,73
fynkvhj7ws.jpg,73
va0yifgsce.jpg,74
k8iz6l9wft.jpg,74
xzeqtv67p3.jpg,74
t2hz0g5uk7.jpg,74
xgtycpzmir.jpg,74
920w4vzxyd.jpg,74
3qih2j9l46.jpg,74
g3dm80ihl1.jpg,74
q5eutxcr6f.jpg,74
ezb0rh8u9k.jpg,74
fp1gkw2u93.jpg,75
j3cyrza9fk.jpg,75
xg8lt09fsv.jpg,75
ze0vndq7ia.jpg,75
hsxm2jv71o.jpg,75
2cepd1oy7t.jpg,75
qrpfm623u1.jpg,75
kgz46toidh.jpg,75
60c5rme1ts.jpg,75
rhke51jov6.jpg,75
7xqltwyu2c.jpg,76
tpdhqy0mij.jpg,76
u56orj28pz.jpg,76
8e12fhwlsu.jpg,76
uq8ah34ryz.jpg,76
w03b5ogfxk.jpg,76
m6pf9vzruy.jpg,76
m3xu15lg7r.jpg,76
i2f4x1jw7n.jpg,76
6yvsjl3tb4.jpg,76
xq3o5lndtr.jpg,77
bsj3yf0q5a.jpg,77
f1o3x6s2n0.jpg,77
to14qjghyk.jpg,77
1czdhke8jq.jpg,77
si9z74bct1.jpg,77
sghqf82v0z.jpg,77
f1qxij2g7z.jpg,77
49n1retqbw.jpg,77
1vsnjdzkxc.jpg,77
m60vkta9w2.jpg,78
fjznri15b4.jpg,78
9suwm26rgz.jpg,78
4ib09xpyc6.jpg,78
2kuvwm3y6a.jpg,78
l94hpeoksd.jpg,78
wb14oajt2x.jpg,78
gtay86v4b1.jpg,78
fl49dcj60u.jpg,78
c9qztk7e6n.jpg,78
4uxdhvbat2.jpg,79
cxwrq10mal.jpg,79
2jk58mvldh.jpg,79
kqob5hm431.jpg,79
ioh62pzxwt.jpg,79
57jypxbrq1.jpg,79
fcqvoh341t.jpg,79
iu06o91mjx.jpg,79
acyjhobxmg.jpg,79
6c2xkabuny.jpg,79
dopgjwmk4h.jpg,80
l85cea10di.jpg,80
17bz5tgpf8.jpg,80
l9qgefs8nv.jpg,80
tb5afsk6lr.jpg,80
ovd2pftmy5.jpg,80
j5y6u79ahe.jpg,80
m8d9vls0z7.jpg,80
v1wcsaxyu7.jpg,80
58nv7hgwkp.jpg,80
hy7i46w2qd.jpg,81
qtgzdo8u0b.jpg,81
ycf9onuvgj.jpg,81
hnj4flyoru.jpg,81
aqwr8lx4gh.jpg,81
r3978nexs6.jpg,81
c4aoxdr01i.jpg,81
ztw5agxrlk.jpg,81
jcnek6tpyr.jpg,81
c1j45xfzn0.jpg,81
6htcvonw5d.jpg,82
a78wp9bm56.jpg,82
ivgqkwmds2.jpg,82
8tycj6gfzq.jpg,82
7zxad3oc6n.jpg,82
2vza9frwle.jpg,82
ibqj9xecpa.jpg,82
i9j38pbdaz.jpg,82
yhpse475u0.jpg,82
bc1lwy746q.jpg,82
jgsdx4ofrl.jpg,83
kua8onbpsi.jpg,83
vu2xow7gcj.jpg,83
f2awn5ovbr.jpg,83
cnk49yz1ui.jpg,83
8o3rfdetnl.jpg,83
horgyf4m3q.jpg,83
8wnz6t14cd.jpg,83
i256acudp8.jpg,83
9g5sbqxvj2.jpg,83
4plyjux7en.jpg,84
qehkdoxu4j.jpg,84
ervm2c3sgw.jpg,84
735gqwclov.jpg,84
k2xvzyaltn.jpg,84
mia7bk60oe.jpg,84
ken0vxd7fp.jpg,84
slitg053cu.jpg,84
9n726loid8.jpg,84
jyugwxl9nq.jpg,84
6jmp43euya.jpg,85
pxyaiofhbr.jpg,85
tmu2wqb6zi.jpg,85
3vowbsjg06.jpg,85
isfpa35971.jpg,85
zyebproc9x.jpg,85
3vr6axohik.jpg,85
azrm16swlc.jpg,85
5bfoe3qsrn.jpg,85
59z1m4ieht.jpg,85
04d6xbohpg.jpg,86
qr4159j2kp.jpg,86
i70dyc13pu.jpg,86
kmfgnxc63p.jpg,86
1ofy7jk3li.jpg,86
nfd1g3kwy9.jpg,86
t6d89h3fy2.jpg,86
w2mx1arjse.jpg,86
n4tmupzhvr.jpg,86
b6xcngshzv.jpg,86
324o5bp1dy.jpg,87
lq405pergk.jpg,87
m9q4rd1pn6.jpg,87
rehgw6125m.jpg,87
mbf0r6qn1d.jpg,87
5a6ltko4hd.jpg,87
kja4qcs2lx.jpg,87
9gnia4zrl7.jpg,87
1rcw0xhaz6.jpg,87
gjfuxspn4z.jpg,87
0vo6mh4bi5.jpg,88
2lsfjw0cog.jpg,88
bvdehskxrq.jpg,88
mcyk6otvzr.jpg,88
lc624gq0dx.jpg,88
dj2ef18ns0.jpg,88
2bu4kndtxv.jpg,88
d9wv7s4ogc.jpg,88
yvju081gd6.jpg,88
cwhpj7uxv4.jpg,88
ef1hxjb78k.jpg,89
ekilyuds31.jpg,89
qav86olr5y.jpg,89
9mzbrqly6x.jpg,89
39y6ns5mcb.jpg,89
12yhed8ic0.jpg,89
c4ib03vhu8.jpg,89
jki3m6h81s.jpg,89
6w194bklhi.jpg,89
s0ipxvude7.jpg,89
vzj09htfuq.jpg,90
uas572eblf.jpg,90
yoma90vldf.jpg,90
cv7q49okdb.jpg,90
692b4mx71j.jpg,90
2dhpo9n1g4.jpg,90
1z4h7la69v.jpg,90
4rv2foh0yk.jpg,90
mp13ot2yu0.jpg,90
2uhcpewqmk.jpg,90
xklasoh1m2.jpg,91
nbtu0e4vl5.jpg,91
6aheo298kp.jpg,91
wy8srcemjf.jpg,91
5ur372glko.jpg,91
z6thvaegw1.jpg,91
m46b1xciyl.jpg,91
dxv5zfe7qn.jpg,91
29nogjzqm4.jpg,91
2od971bwn0.jpg,91
cohydrglfv.jpg,92
nwol3afprm.jpg,92
fpkuxs2bv7.jpg,92
4ix1zfn92m.jpg,92
qe84uklf5n.jpg,92
jftnhexco3.jpg,92
pw7cqy341x.jpg,92
3ra4b0zjon.jpg,92
nrbxu8qi4w.jpg,92
ptogv90j7r.jpg,92
su6va3qtxj.jpg,93
igw1dypaot.jpg,93
cfxu2etmd3.jpg,93
lswqanzie2.jpg,93
240psvcag7.jpg,93
m1e3loyzwr.jpg,93
5pnr8xzcla.jpg,93
l6p9jer1i7.jpg,93
8wjtkzyg73.jpg,93
1gjn5y6bur.jpg,93
dil4hoyu57.jpg,94
efqdjakt2b.jpg,94
oityd6pfcv.jpg,94
t4nl8x0zgb.jpg,94
04kxsd2rf9.jpg,94
xef56huqj2.jpg,94
35riksogl0.jpg,94
4ithkjluy7.jpg,94
9fciv6nbap.jpg,94
kf3brigts5.jpg,94
2nye78pot5.jpg,95
7s51m4vpr3.jpg,95
0clzd3aqyg.jpg,95
rfzog9yhw4.jpg,95
inb5jgscot.jpg,95
mdhys6ipbw.jpg,95
z521b46897.jpg,95
ckjfi4d2xe.jpg,95
7e2gpbayzn.jpg,95
mx39h60qvj.jpg,95
nwklmyu2g7.jpg,96
u06tnmlfqg.jpg,96
u2owhad6c1.jpg,96
dun86e9x2s.jpg,96
atfmueqpwg.jpg,96
o8ztux7lbq.jpg,96
43zli5mu1h.jpg,96
ym97fnuxpk.jpg,96
b6e3fr42op.jpg,96
f6qwen3jub.jpg,96
8ne7jmo9u4.jpg,97
g4qtx1rf5b.jpg,97
goyhzv1pmb.jpg,97
br1mxvs4wy.jpg,97
bw5xm8o7y0.jpg,97
6sq4gjcyiz.jpg,97
y7hvrlko0e.jpg,97
vqhco1fin2.jpg,97
zia9kyuohd.jpg,97
qlzsimc2y0.jpg,97
k9iwdoh8xz.jpg,98
0znihwd17c.jpg,98
u9rkgts3ma.jpg,98
6g5sm1idlk.jpg,98
64oj0qtw91.jpg,98
t5a8kuoil6.jpg,98
av576ciy24.jpg,98
z6hurl15nd.jpg,98
71qxlzfrd4.jpg,98
rosyj7vptc.jpg,98
krsw3eit9v.jpg,99
8dnk5j62qc.jpg,99
ot5afdej6n.jpg,99
8lcp4yodei.jpg,99
hatm23fb94.jpg,99
c3jnp4tzwg.jpg,99
3xk1wopr6s.jpg,99
79rhbl31xe.jpg,99
av37tm40xq.jpg,99
u3fel5a8xw.jpg,99
mw8dlo7yfj.jpg,100
kx7trgw62n.jpg,100
iux4rvhce7.jpg,100
kwdxvj6cs3.jpg,100
ckmr1ivqot.jpg,100
vg6mpcyhri.jpg,100
vjo6xacp3t.jpg,100
dt172rusfy.jpg,100
gu1wyodfr4.jpg,100
ze5vlg1f0u.jpg,100
ctv3fjpqmh.jpg,101
s4woh3xlgc.jpg,101
bwvq2jyt6k.jpg,101
o8tbq3exvn.jpg,101
fsrk4cpo31.jpg,101
o8hybcvenp.jpg,101
2cna7gw95u.jpg,101
9op25q8awv.jpg,101
ay1ojmncef.jpg,101
z394wdmu0n.jpg,101
2hy0a68iq4.jpg,102
s381z6kge2.jpg,102
96qs4uianl.jpg,102
gezkvuy0o1.jpg,102
9dejskrapn.jpg,102
f2ctg7am8n.jpg,102
az0b2vf84i.jpg,102
wg36obamye.jpg,102
3w02s5jpnz.jpg,102
26pul9rjdn.jpg,102
zh69avu24k.jpg,103
ra2bd56zu7.jpg,103
5ras3dqig7.jpg,103
p9nsitlfzk.jpg,103
7bwyo82k53.jpg,103
lsnqtz64w0.jpg,103
lrey6wj253.jpg,103
fvqerd4c0l.jpg,103
05tdemvcqx.jpg,103
tl3kcrdvof.jpg,103
2mrz7of1j9.jpg,104
qvarj98tx2.jpg,104
v1i6u2hadq.jpg,104
nx6dy9t4lo.jpg,104
l9m8t251hi.jpg,104
elkqvdsnz9.jpg,104
4x2mwfs13l.jpg,104
3hd6c94285.jpg,104
ezf548thpk.jpg,104
co3k4jhsyx.jpg,104
02a91mzn84.jpg,105
02nehv1tf6.jpg,105
y1ihq6ufs8.jpg,105
ucbqs9j51z.jpg,105
1bysp7e9xv.jpg,105
c2a4j8yp50.jpg,105
pd8uai5f4o.jpg,105
yx16p50lhw.jpg,105
swnvlfekd1.jpg,105
4yw0hedpko.jpg,105
530kf2v8c4.jpg,106
v0xtd49gr5.jpg,106
2qyjkac5xr.jpg,106
o7h8rtaqdi.jpg,106
uwg12c3vdj.jpg,106
ma4lhxk2oj.jpg,106
70p3db6mnt.jpg,106
v9qn60s7ay.jpg,106
hcmxv6lowe.jpg,106
dfix4s68k1.jpg,106
lkqajngu4m.jpg,107
e25ibj48wz.jpg,107
9cmg8zjqw0.jpg,107
iwgz72d4tn.jpg,107
nzq72tp01f.jpg,107
du5yvhek2g.jpg,107
ib2srkuzn7.jpg,107
68xm0fo9kp.jpg,107
2dqv43cn1u.jpg,107
aq82wxf7e5.jpg,107
rnlsbkvag1.jpg,108
3i0nf1mx24.jpg,108
kctujgf0e4.jpg,108
3oif52dw14.jpg,108
ebguj8d9of.jpg,108
l82nfm3rga.jpg,108
a475z3it0c.jpg,108
pcwxgk572u.jpg,108
4sxf95pqkl.jpg,108
3bowep7uy5.jpg,108
3yqn097hfv.jpg,109
73dfup40bj.jpg,109
2m87ikb03x.jpg,109
wzanx7hd4i.jpg,109
4ejuz2nlfg.jpg,109
zbnmre40c5.jpg,109
2nfdbv5gz3.jpg,109
ucm9b4d8gq.jpg,109
8l27yrkwqm.jpg,109
gauokjep8f.jpg,109
wkt6svud0h.jpg,110
h2k8573apr.jpg,110
wmqf94xscb.jpg,110
5a7l69buyk.jpg,110
u2j1svhxpg.jpg,110
pzbt8xajw9.jpg,110
713yghkidx.jpg,110
0evyz4ogbj.jpg,110
u3hv47ixz8.jpg,110
heqoycvwp0.jpg,110
kmurz63s1l.jpg,111
vrtw98cbgk.jpg,111
e9jhyfd1l3.jpg,111
oxztv89e4c.jpg,111
dcvb9tfwa3.jpg,111
4pxuzcvnje.jpg,111
ektm9fqixw.jpg,111
rmaksvl078.jpg,111
x986rinb1z.jpg,111
8096orcwb7.jpg,111
o31e5sqdfy.jpg,112
mo235tuzhr.jpg,112
f2ery9c57l.jpg,112
7atixbyj3o.jpg,112
wkfo51b628.jpg,112
hv9m5j20cr.jpg,112
4m2oytns0q.jpg,112
37ljg2i5vw.jpg,112
rmf6ha1wqz.jpg,112
6e1cyhrjaz.jpg,112
fmlduinej5.jpg,113
8pjkqhw6rg.jpg,113
7fmec18ds6.jpg,113
5ct0bsjr67.jpg,113
l1yvdh5qc2.jpg,113
5thplixr6q.jpg,113
ph1j5dkq42.jpg,113
zf9yqcuhxa.jpg,113
c70rjnpzv2.jpg,113
y31pqcahlu.jpg,113
0jfd1cxlmv.jpg,114
yfj4ov675x.jpg,114
dxu71sivlo.jpg,114
tsd8mp3g69.jpg,114
sbohn3zl6v.jpg,114
xuphae4cgf.jpg,114
uav73jnzq8.jpg,114
s0laghobxe.jpg,114
zxl7y9shwv.jpg,114
vl1428dwke.jpg,114
g28oe73f14.jpg,115
5thdogiaum.jpg,115
lu4oanz2yh.jpg,115
i9fnxrg170.jpg,115
c0p1uheoa2.jpg,115
6r7m8ku9es.jpg,115
hanwjkuvzi.jpg,115
dmjfravkqo.jpg,115
le15pinmv8.jpg,115
jfdk0nz7u1.jpg,115
ce7bt2hqgw.jpg,116
hpyzt8gdwo.jpg,116
15tsi03djc.jpg,116
jzlwcy1b95.jpg,116
qr61azm5nc.jpg,116
w0l5a8zv91.jpg,116
4lmuj1hkqx.jpg,116
4hwk6nx9sb.jpg,116
t907cw3qg2.jpg,116
hakv49umqs.jpg,116
6qw1su2h0r.jpg,117
l9d5ecf0n6.jpg,117
gkm6q8edlf.jpg,117
q73wjh58o0.jpg,117
xez46twu13.jpg,117
ouat2wqhbs.jpg,117
7yqzgtuf51.jpg,117
7ch3afwv40.jpg,117
finhpu42jd.jpg,117
4vh5ey82nj.jpg,117
atso23mhix.jpg,118
n3mawi12t6.jpg,118
1wgtc42meh.jpg,118
1ecpbl689n.jpg,118
h6fqlrj1xv.jpg,118
7t9vkoc2pz.jpg,118
c36owaezhg.jpg,118
bg8wv2hfse.jpg,118
a9kxm1dvc8.jpg,118
96s3t71azm.jpg,118
dawtgnr3jh.jpg,119
410je2qt56.jpg,119
yghzv9t4b6.jpg,119
fuq0re67d2.jpg,119
q6r8ybzv53.jpg,119
fa1c0jnh4x.jpg,119
i4gvt98pmf.jpg,119
n8wzhtysue.jpg,119
6o4szjnh19.jpg,119
dj7ts985m2.jpg,119
2ln8p7k6o5.jpg,120
23gwe6jfd5.jpg,120
xbrkn7sye0.jpg,120
x12ui7p6z0.jpg,120
aobskuzt4f.jpg,120
p6hvrs0ow2.jpg,120
06uasyi3nt.jpg,120
572dgxlnbo.jpg,120
64ayjiou9l.jpg,120
lm98b5ai6j.jpg,120
baku276tdm.jpg,121
ls6kdpgmxr.jpg,121
r0t2n3qayu.jpg,121
uj4k7dxra3.jpg,121
frmp6b1lqu.jpg,121
vr5pb3684m.jpg,121
2ulegn7fxp.jpg,121
a53sohwtln.jpg,121
fhxet2n8zq.jpg,121
tsmxauhpkr.jpg,121
n4f76zgl1k.jpg,122
vwuz47enho.jpg,122
zwh3lyv75s.jpg,122
vwgaj8x36h.jpg,122
91q3vhg7yb.jpg,122
dywmsqet2l.jpg,122
mxb7i031z6.jpg,122
31yivcarl7.jpg,122
s487lo05n2.jpg,122
qk8u6asrhl.jpg,122
l5xove0ysa.jpg,123
fzvcrp8qd1.jpg,123
fzy0gind52.jpg,123
st1p3di097.jpg,123
9h257z31pc.jpg,123
i97lxag30z.jpg,123
buew46j70c.jpg,123
hul6wfodyk.jpg,123
gxbmepi5r0.jpg,123
qheo2tkz91.jpg,123
lmwtoh38a9.jpg,124
ivmdapy6lf.jpg,124
627prawyjz.jpg,124
xouyq5lr63.jpg,124
yjark5bls2.jpg,124
h2ilu45qn1.jpg,124
rlansm7g3v.jpg,124
j3ldu4cvz5.jpg,124
s7malrd3gf.jpg,124
dsfrzlhijy.jpg,124
okls31i9jq.jpg,125
fdu860m1qp.jpg,125
n1k08bxqa6.jpg,125
fb0xpjqrng.jpg,125
0xgifkj7pc.jpg,125
iqpg7j4au9.jpg,125
pbw6l412uc.jpg,125
5vjfmc0esr.jpg,125
r7v6o20ypi.jpg,125
tpm8q6xo1k.jpg,125
ceqla6dbhk.jpg,126
4v3cegh9ly.jpg,126
cmr3f4s8he.jpg,126
j4n5d1xrsh.jpg,126
uxbte9iwol.jpg,126
8cb1ma9rzh.jpg,126
zycmxdas26.jpg,126
tb5neawzl6.jpg,126
1netcyzdol.jpg,126
is7n8254rh.jpg,126
u4o2qvys0r.jpg,127
l0pt1jsci7.jpg,127
6glfjz3mpv.jpg,127
aou8vrskcw.jpg,127
oqhw45pu2s.jpg,127
lhtjb3x8z7.jpg,127
hpm9ux7qe3.jpg,127
9or1twqh06.jpg,127
vlnqdkwch5.jpg,127
e5w4tvp82k.jpg,127
wkrlf1dx5e.jpg,128
9gp27lioxw.jpg,128
i4oeb980pu.jpg,128
r396mgclky.jpg,128
c6e7pb40ka.jpg,128
qv9im8taly.jpg,128
obnsep3qfk.jpg,128
0ndfk7y2jv.jpg,128
e5g7qz1ojr.jpg,128
zax6ufy9tb.jpg,128
r13hbzgoes.jpg,129
ocxytn405s.jpg,129
r2sa7u3gkf.jpg,129
tla2wv5u9o.jpg,129
6cflj4txud.jpg,129
7sjyu98al3.jpg,129
ik026c5mvx.jpg,129
4wsvfi82nh.jpg,129
srye1fa6c8.jpg,129
a75mgw4n0q.jpg,129
v8r0iotj7s.jpg,130
4ef530djqw.jpg,130
kqalpxg45b.jpg,130
s4ogrei7cq.jpg,130
extk6s0w4l.jpg,130
12ayikhepq.jpg,130
co70xj3ge8.jpg,130
zdse9yhx2f.jpg,130
6il7z1utsm.jpg,130
cr0hiywvua.jpg,130
5n7309cy4q.jpg,131
u624vjlhrm.jpg,131
aw15o7zhqj.jpg,131
idntqsry9c.jpg,131
07uqc9hdnt.jpg,131
vpy6s32ak1.jpg,131
x7fuqrtgv8.jpg,131
dc569pbi73.jpg,131
sxmynbr274.jpg,131
mgp6atj4rz.jpg,131
70wzcgx3fm.jpg,132
2ke6vdnu95.jpg,132
7smzybq89e.jpg,132
q586p7t9hg.jpg,132
igsdkhy2eu.jpg,132
g87kq9h0ud.jpg,132
qcop3gerzl.jpg,132
5u47pqwagh.jpg,132
3r8vhx2jmy.jpg,132
ez3jfhi6w7.jpg,132
ywet5k4csu.jpg,133
6jf8nev9ld.jpg,133
dbjq1zwkay.jpg,133
f1j8zsmvoh.jpg,133
8pe64nw3qd.jpg,133
my5796rjxq.jpg,133
sicx6lo4eu.jpg,133
513i7beatq.jpg,133
xrc93jsy6g.jpg,133
bvp9dksyqa.jpg,133
a076wnrgiz.jpg,134
nhg7c9sxyk.jpg,134
ilpcnh3m7v.jpg,134
qpot5x0c46.jpg,134
2a7qg8pwch.jpg,134
b1d6yjg2s9.jpg,134
zgqm6jlpiu.jpg,134
xg1h2c307a.jpg,134
umpsk05tzq.jpg,134
8vbapirnk9.jpg,134
sbdnl4iv29.jpg,135
w1s09vhkei.jpg,135
hza1p7umoe.jpg,135
qopugd9wb7.jpg,135
jwbr469soa.jpg,135
0d9ucgfmy6.jpg,135
so92rqmze5.jpg,135
6yrugso0tw.jpg,135
vpk6t0sno2.jpg,135
691rdlbpn0.jpg,135
pwtgi3klaq.jpg,136
d3vihwky70.jpg,136
a8cl2j4ge9.jpg,136
7ehd8z9wmj.jpg,136
pirkcdqnvw.jpg,136
nk4710ezbf.jpg,136
dy75qjoecw.jpg,136
otdgefa1b3.jpg,136
83hvr51w6g.jpg,136
l1m7kny389.jpg,136
wtfb90cihg.jpg,137
jokl9ycut7.jpg,137
fk7d8lg1vw.jpg,137
71moswf85d.jpg,137
v3e2mxsay1.jpg,137
96jk237rpo.jpg,137
u3zy6qmi85.jpg,137
4kehfjtrsq.jpg,137
d42kyl86ae.jpg,137
l9s2g34zri.jpg,137
xpuidown25.jpg,138
786ioag1u5.jpg,138
d3bflyj6es.jpg,138
vemngh80tc.jpg,138
6fgo3dbp7y.jpg,138
b0zyo46l8j.jpg,138
gkvefw39ym.jpg,138
30ajyigdcu.jpg,138
gntcoebrqa.jpg,138
zgc2mnh7u1.jpg,138
vpmsgch3en.jpg,139
j9lg4o3rsy.jpg,139
yg38c6ph05.jpg,139
12skpjbwn6.jpg,139
2srnlmzx47.jpg,139
347q2106gk.jpg,139
lrbvj8c3o7.jpg,139
f5snyu1k3v.jpg,139
qpwey27tzi.jpg,139
fahwlr9cnu.jpg,139
jws60uqnec.jpg,140
mryvho0az7.jpg,140
vkwpygauor.jpg,140
2e9cqb73xg.jpg,140
hqme9pb6v2.jpg,140
alqkcy1gxo.jpg,140
4nwgzrseim.jpg,140
vlcxspnq92.jpg,140
h8m62b9jkl.jpg,140
m0bc3du956.jpg,140
wrsndgyjzf.jpg,141
tjmexq84vh.jpg,141
bc4szm862v.jpg,141
ogt8wd0mec.jpg,141
9yos7ch31n.jpg,141
7ugfpnqvk3.jpg,141
lcdv7n1oyk.jpg,141
0f2wec1id9.jpg,141
hlja4qfiv3.jpg,141
ygikt8alvc.jpg,141
g06y4dovqm.jpg,142
jg981fqt0k.jpg,142
o5yftelzc7.jpg,142
pqkno27xu5.jpg,142
nazme7v0qu.jpg,142
8i1afv6cmz.jpg,142
qgtxp6ywor.jpg,142
9gdxjkpmfi.jpg,142
w4qhpn839s.jpg,142
vrgk0sy3bl.jpg,142
51ylk2mdfz.jpg,143
xpcte0n3qm.jpg,143
y04pfgq65m.jpg,143
p1z3b6k7h9.jpg,143
93q4ezcbo6.jpg,143
cd8eao36q1.jpg,143
8ekqg1j450.jpg,143
4bn7zo5sh8.jpg,143
p2l87i1v9h.jpg,143
nyhxdvtgru.jpg,143
3jlcz4rnwp.jpg,144
v73wolg049.jpg,144
3lw8i1mpa2.jpg,144
3bje5my9kh.jpg,144
0v6mgkl3o2.jpg,144
bptqgijd5m.jpg,144
g4xrps8mvw.jpg,144
tcoefd47n9.jpg,144
bz0kw2u41q.jpg,144
oxlestr1k6.jpg,144
4mnb3ijfgx.jpg,145
boi7lua65j.jpg,145
n7hqtjib48.jpg,145
m9tzlx0rao.jpg,145
otbhpuf7my.jpg,145
fu7tazsdly.jpg,145
dun0grjwb2.jpg,145
8nz4tmr7kp.jpg,145
c7m14g6rv2.jpg,145
qgmoc2a6uk.jpg,145
tpg2obxjc3.jpg,146
6hqy7ud4jc.jpg,146
gj0hdualbf.jpg,146
pqon0jxdya.jpg,146
upwylq50zs.jpg,146
r475gzu3v6.jpg,146
hia3lf4sjd.jpg,146
xu18p0nm7z.jpg,146
zn8jshfrp6.jpg,146
qlco056prk.jpg,146
8zw34xh7sm.jpg,147
7b6xvqj3zp.jpg,147
xktn8crbf2.jpg,147
q3r2ofpgek.jpg,147
19au3ysioc.jpg,147
43jkmp0i1y.jpg,147
p453i6wryq.jpg,147
ca9zmxwgn1.jpg,147
1q8dk4lsc2.jpg,147
gtjxz6e5co.jpg,147
oash2ex70v.jpg,148
fjadmcgl41.jpg,148
izedjsquor.jpg,148
9mibzng6w8.jpg,148
fn8ue5t4ap.jpg,148
8p0mzl9den.jpg,148
1jwyervk87.jpg,148
n4tce0huv3.jpg,148
xyqj6vubkn.jpg,148
gpzbme2adt.jpg,148
ck6msi4y9l.jpg,149
gt17uawrl5.jpg,149
pwq75d2tyc.jpg,149
4d576busev.jpg,149
lgwndzjsy0.jpg,149
mliwhbkn7q.jpg,149
tn56aeowc1.jpg,149
c6ahzjivgf.jpg,149
ujh2qf0lvk.jpg,149
cjtuf520e9.jpg,149
r4kt1axpl5.jpg,150
pxlv3wk45b.jpg,150
mavnqxw1dc.jpg,150
udxkj4910m.jpg,150
l3kd1qnmwh.jpg,150
g5tf0vy7b4.jpg,150
t5e3c8injg.jpg,150
m37z861b4x.jpg,150
3aegm7bpyk.jpg,150
zkj614brlh.jpg,150
7pe9jwq84x.jpg,151
vkpuhdlmey.jpg,151
6w1ym9jerf.jpg,151
2ecmfbq3x9.jpg,151
vz03waghuq.jpg,151
hk5tisp1mr.jpg,151
bif6ayhjm1.jpg,151
fpcvgs20mw.jpg,151
h0c6kgzu2b.jpg,151
58x4ewncgu.jpg,151
dvyp5lr7zn.jpg,152
h8fqwtmz93.jpg,152
qaxhnksec9.jpg,152
yt6ha5dsop.jpg,152
m71sa0bgph.jpg,152
ohbi3v5ng6.jpg,152
vldgo83jq4.jpg,152
2lvns5x9zk.jpg,152
i0pa34tsgm.jpg,152
h10j36uy92.jpg,152
osa98i7num.jpg,153
dovsjhtupi.jpg,153
xmgld3c9ks.jpg,153
7b8m1lxnyz.jpg,153
rvn71yckqu.jpg,153
k1cqia2zo5.jpg,153
atdn0ucrev.jpg,153
41i3lxpjwu.jpg,153
fwnkx53drh.jpg,153
bgufami6hn.jpg,153
gs9wqtdm5p.jpg,154
fz20dxla45.jpg,154
ftxyp7ma6n.jpg,154
ql43hy1w2j.jpg,154
0vkloujhna.jpg,154
cbolq7kusr.jpg,154
rmvtse8bzi.jpg,154
0x9k2t6f5w.jpg,154
xzuk9ijngd.jpg,154
ljqhw0t68d.jpg,154
hzj03fwpnb.jpg,155
65zgysrm13.jpg,155
8sgfjwaq5v.jpg,155
0dhgmwk8ri.jpg,155
dxlzoym0wk.jpg,155
0h5c84vtlw.jpg,155
fladmy8sg2.jpg,155
se8ug03h6l.jpg,155
mt2fb8ulw6.jpg,155
03jezhu9i8.jpg,155
gk94th31c6.jpg,156
1kmopz5fuc.jpg,156
oymw8gt2r9.jpg,156
a098u7fyod.jpg,156
5msy97xr4h.jpg,156
0gawub3e76.jpg,156
9r3emn1tjy.jpg,156
pcqfjx0vib.jpg,156
zhf3bpm5ne.jpg,156
oj2kb46pqs.jpg,156
l7dnj438i9.jpg,157
6xgb3nofj0.jpg,157
snfirgdj6h.jpg,157
sbdapkw7c2.jpg,157
9m5ws16hiq.jpg,157
5vhjqkxym1.jpg,157
5lo8r9jyeh.jpg,157
3tianfl4rk.jpg,157
2qhfvy49ar.jpg,157
18roqtwzmx.jpg,157
905ixmp3kb.jpg,158
s7ozua8c1g.jpg,158
s80pe1vx7q.jpg,158
l8ytum4q2n.jpg,158
ujnlxyk028.jpg,158
5r1qsxch3g.jpg,158
sxpke49az0.jpg,158
g4mevpylri.jpg,158
bkz57ew34g.jpg,158
8dlnvz3hoq.jpg,158
4j90wex27m.jpg,159
sanq65o97m.jpg,159
y3scgxkje4.jpg,159
3fihwbdlt2.jpg,159
lwvngfa3z9.jpg,159
wc6zs3l2dg.jpg,159
ovit6h9f18.jpg,159
u8enxy02os.jpg,159
hc5rl72an4.jpg,159
y8pf1lgvnc.jpg,159
ql1acvdf2h.jpg,160
zwmby0rk5g.jpg,160
pweqc0t29h.jpg,160
bzg6j9rw2v.jpg,160
rd6ejf7b2t.jpg,160
97ce0yjsq8.jpg,160
1h8rx6lv9u.jpg,160
91mqhdo0al.jpg,160
976z1okqsi.jpg,160
ctvo5egaj8.jpg,160
f03navzmgx.jpg,161
3mvt6ayelz.jpg,161
x9oqk4psfi.jpg,161
dgjyl45eta.jpg,161
cmsbgpvzn1.jpg,161
msy0lv2zxr.jpg,161
g13mhbxw24.jpg,161
j2q83shyx6.jpg,161
s4xj2pcq3d.jpg,161
gcoljt4k8x.jpg,161
c35m7s2oup.jpg,162
c4ubsjwniy.jpg,162
29qxzcmn65.jpg,162
dsqn5iemuj.jpg,162
qvwnolsf21.jpg,162
wrqk0si3db.jpg,162
wq4dhc7plg.jpg,162
h649ynrtlq.jpg,162
43a86kwq5n.jpg,162
ejzc6fqy7m.jpg,162
8vwsa94r2c.jpg,163
apbx9wfyej.jpg,163
4q8xdtenur.jpg,163
9ekgzwyp81.jpg,163
2v0bp31iku.jpg,163
mbhzkq65sa.jpg,163
5p9dyk4se7.jpg,163
cutrjadfbe.jpg,163
w0zrhsx8a7.jpg,163
na4k1o5hgx.jpg,163
tcsg7d58i3.jpg,164
43tozprjky.jpg,164
gz0qbojfxh.jpg,164
5dcobplzfh.jpg,164
5n89rgs7oe.jpg,164
4j0agpncie.jpg,164
4j3t69lek2.jpg,164
fbhmo7u3t1.jpg,164
b3dxt9i082.jpg,164
jktye7hw5f.jpg,164
hc48mgfuei.jpg,165
h1ekiumf89.jpg,165
emzhfwkv5s.jpg,165
nxmics6hpl.jpg,165
czw9ludry5.jpg,165
wufv7951st.jpg,165
ldjerftmus.jpg,165
iu3cvdwa7p.jpg,165
nlqvrh78yf.jpg,165
poeg0amrf3.jpg,165
zegmjw1a4t.jpg,166
y5qbdhfu07.jpg,166
3kt9eydpls.jpg,166
rxz3ao86w7.jpg,166
3ic42ol7ub.jpg,166
vu8qck2pyl.jpg,166
74gzbm9r3j.jpg,166
7omq8vwl04.jpg,166
bm2kodr7hn.jpg,166
tw71lpib0s.jpg,166
0zjbvpworf.jpg,167
5vnxlcpw8j.jpg,167
it3s850frc.jpg,167
3f47vrk21p.jpg,167
e6mbk9qrhz.jpg,167
i8abutrcz2.jpg,167
xqp0dwo92t.jpg,167
juybmfx93w.jpg,167
5i7ktsa84n.jpg,167
caw74fr85s.jpg,167
5w1mlp3s8u.jpg,168
2pdsgyxir6.jpg,168
2391qpv8cs.jpg,168
6e1tkdvysn.jpg,168
lqbphe7w8c.jpg,168
uhdr9pbc68.jpg,168
v30pbxnfd7.jpg,168
tjp6v90b3s.jpg,168
d5oszlyvtn.jpg,168
4b8opr57nl.jpg,168
uwzjxydi52.jpg,169
tf3ecl7bv5.jpg,169
dj7brs8oc4.jpg,169
2gjuevhqxa.jpg,169
6v1cxspbzq.jpg,169
8wm1vegx6u.jpg,169
zgy2obdwaj.jpg,169
prj10vohc5.jpg,169
sjiv809m7g.jpg,169
2n3hi80pw5.jpg,169
rfw7q5vijb.jpg,170
vy1ohxusw3.jpg,170
mrygus0lae.jpg,170
vzlirt6auw.jpg,170
ji0o1h9plg.jpg,170
zeyjtp6uwn.jpg,170
debpqcmr2j.jpg,170
4sedlxbw7f.jpg,170
vckolqhrz7.jpg,170
khaz78j9mf.jpg,170
bprjgest20.jpg,171
0rv9woke27.jpg,171
wnej37o2t6.jpg,171
032p7z15ol.jpg,171
tbmcoe8wp5.jpg,171
at06dxb5uf.jpg,171
r4w6ge2ayn.jpg,171
dr53w9aogj.jpg,171
3k5sm6icg4.jpg,171
bd2ex9vzit.jpg,171
ncvzaep06j.jpg,172
sk8hfvx20r.jpg,172
x7bnam04pd.jpg,172
gmkira4nzj.jpg,172
n790dy8tip.jpg,172
l2v3eacgt5.jpg,172
bjq6nfldhp.jpg,172
tdybfg0ra5.jpg,172
irxqdlm5zh.jpg,172
yx8n5fvcbz.jpg,172
0xyi4gpvjl.jpg,173
rjoy7ewqnh.jpg,173
zq09k7cio5.jpg,173
thlb5vm2dk.jpg,173
s91hm6tyv4.jpg,173
jal4ygxecq.jpg,173
rswgh0ne6o.jpg,173
0y3epg8s2a.jpg,173
3jsy6vdb5n.jpg,173
zacbk1e23q.jpg,173
w2p476fkb5.jpg,174
n48gvqohcs.jpg,174
yr2iokuv98.jpg,174
el1audwz4v.jpg,174
m2by3vriws.jpg,174
hszf7v5tui.jpg,174
lejf4bm0pn.jpg,174
5qewzk21a7.jpg,174
sq5fwy2hga.jpg,174
lmkbtd2os3.jpg,174
03ol9zqjn7.jpg,175
3dkx0y9ben.jpg,175
7ul5v2gzmi.jpg,175
59gdl1w3kf.jpg,175
4c2dgzevt5.jpg,175
tfi3h87maj.jpg,175
k0tisdpx2j.jpg,175
vd1qhaxofc.jpg,175
8czytpboil.jpg,175
9tirxpf3u2.jpg,175
olsmwqdjyg.jpg,176
g4bfk75vse.jpg,176
hw1j6q8tox.jpg,176
09de32ybos.jpg,176
6acfjyq9d1.jpg,176
u34vhrwpjz.jpg,176
ri1l0jv2m5.jpg,176
pw38e2ydta.jpg,176
1ozqv5bhxe.jpg,176
eikbvn7jmu.jpg,176
xp07krsqvu.jpg,177
giexlnho16.jpg,177
uiwjd186sa.jpg,177
mth6awr7c0.jpg,177
spyj1k5r9z.jpg,177
s2gzqnerpm.jpg,177
6j5uxb0as8.jpg,177
sc1nkyruth.jpg,177
2jix9katr4.jpg,177
zst40rh35g.jpg,177
yg90zn2vpl.jpg,178
9zmjrkpvxq.jpg,178
1pqnt0w2gm.jpg,178
96qahzepwy.jpg,178
zp7nm6yjd9.jpg,178
0uijyo2btd.jpg,178
pnthq83ob6.jpg,178
7p5qb6i82m.jpg,178
816idz2eg4.jpg,178
3z4lrcpo6n.jpg,178
z29e6d5tai.jpg,179
lpug4vqy50.jpg,179
2qacykxz5s.jpg,179
xa3q9f0nw7.jpg,179
9oq2agxm46.jpg,179
joa3nw02l5.jpg,179
pw5lo2nv0y.jpg,179
u64mgvklxn.jpg,179
kbpiqo43df.jpg,179
k5rqsgp1u7.jpg,179
eqm1tx2069.jpg,180
nor2m6kl3e.jpg,180
qzk1owcvjh.jpg,180
df310e9rgx.jpg,180
o59cg32p1r.jpg,180
d94e8f2t0y.jpg,180
dyk3prs289.jpg,180
2d8tl7v1hp.jpg,180
ug6vqayt49.jpg,180
581yzt3xas.jpg,180
ryknaceh6p.jpg,181
0gnjdfq4tu.jpg,181
kluavs5gf0.jpg,181
4udy6c9jiq.jpg,181
2zsfdbrex4.jpg,181
96gcnuz3lm.jpg,181
9behtc6usp.jpg,181
bro8zmsce3.jpg,181
nr0kp6a53x.jpg,181
dzerfmji2n.jpg,181
tusvg61rz4.jpg,182
m4kyof9aiz.jpg,182
jaxwvcefzl.jpg,182
ipartmk5gy.jpg,182
epb1slk5vc.jpg,182
w16yn8vi9e.jpg,182
2kijb9dafn.jpg,182
2bxai7um13.jpg,182
5uj9yevrk6.jpg,182
x3ftwo9a1d.jpg,182
9dwv7qzc2j.jpg,183
t2jqorncwd.jpg,183
dqhk25ylvs.jpg,183
6wrqi8ezan.jpg,183
rij6g9qymo.jpg,183
yv185rj7gw.jpg,183
5qf8da31bp.jpg,183
f04i239syj.jpg,183
7d4ljiyf0u.jpg,183
zqrl6bjp28.jpg,183
kl3d5sj6p8.jpg,184
dika3b79vm.jpg,184
0j2v53fyn1.jpg,184
wska7j1lgr.jpg,184
ld1ic9r84g.jpg,184
go5c01aq3t.jpg,184
ta5v3sn0dw.jpg,184
igqykm5l7t.jpg,184
vbnm2d41iy.jpg,184
c1ba5t8o92.jpg,184
m3jyrhcwig.jpg,185
j8xwygreh0.jpg,185
6psb2z0eox.jpg,185
syr8ux9fg4.jpg,185
ztbxuh3c05.jpg,185
gyo9qmtarb.jpg,185
z0rqdi78tv.jpg,185
on4ml0hs6v.jpg,185
rq6unmv73p.jpg,185
w4k1yng9tf.jpg,185
8qc6xka07u.jpg,186
tnlfmgi305.jpg,186
ciy9g5u6qm.jpg,186
bcxa3245m6.jpg,186
3j7foxnqlu.jpg,186
t2u5yhlsfw.jpg,186
mc1zkvsjao.jpg,186
ytosm8ecwa.jpg,186
cwb9yxl5og.jpg,186
xos98jewhc.jpg,186
0cwbio2hfn.jpg,187
r1ft32e7ca.jpg,187
4uqmd8yjo7.jpg,187
pjzubyw20e.jpg,187
ws3enarf4x.jpg,187
9f7dkaqw63.jpg,187
k4w5v1orjz.jpg,187
zpv0blo4q6.jpg,187
buf13ed58p.jpg,187
nj8xhiabum.jpg,187
b8fmiexjvt.jpg,188
8c2uw5prkd.jpg,188
gilsw5xp3f.jpg,188
xtsrvfcw5e.jpg,188
pkojmucirv.jpg,188
aohw7c4gyt.jpg,188
j4lcy6spqv.jpg,188
7hbu1t0qri.jpg,188
hbrmx1o8sv.jpg,188
hmlj0ugqxt.jpg,188
6puoj8vbcl.jpg,189
dz6185v3yb.jpg,189
f1p2dc4a9b.jpg,189
ci2kay7bxh.jpg,189
3xbyz5d6p0.jpg,189
lqb94sx52u.jpg,189
bo60lf4xgw.jpg,189
xfzau2k4et.jpg,189
jxywbciseg.jpg,189
raipy8mdkh.jpg,189
58lrkijwg2.jpg,190
xl4vyruk58.jpg,190
gvpe7x8h69.jpg,190
86k7lz1i3d.jpg,190
uetjzpw5s3.jpg,190
c0dxgf241y.jpg,190
oryfh817wz.jpg,190
xk6y5ac7mn.jpg,190
3065yl8zwn.jpg,190
nlmb4akwe8.jpg,190
i8qr01seyx.jpg,191
07ufd3njrv.jpg,191
zvltb5j4e2.jpg,191
9grlopjwtu.jpg,191
n0oubk62hr.jpg,191
32bjm0oyxh.jpg,191
ejzbtvr415.jpg,191
4anwm0t7y6.jpg,191
tcrnmkq8a9.jpg,191
5hvlgw7u8i.jpg,191
4uwtasjc53.jpg,192
698x4lkaec.jpg,192
gsd4y3xcf5.jpg,192
zwnc62gvtp.jpg,192
l2su5jo6cq.jpg,192
vdn1wb8ics.jpg,192
wrk8zm9vyd.jpg,192
pyed169lkn.jpg,192
6rkezdhma8.jpg,192
h0p18vl6fr.jpg,192
gxu3rhn1bf.jpg,193
sj7r4dwhbu.jpg,193
yr0fvd4j6b.jpg,193
gue5rkfvcw.jpg,193
jreu7hawcg.jpg,193
ry04hntfju.jpg,193
mzuki0xfs8.jpg,193
7pir95fmxy.jpg,193
l1ny3s9rxz.jpg,193
y7jmql0obx.jpg,193
q6arbd4uec.jpg,194
mgi3kz5evj.jpg,194
a6wkd2ipfo.jpg,194
u3zlxmvyoh.jpg,194
w7rxt51abl.jpg,194
hcsgd5uvyp.jpg,194
jdgbru6fy5.jpg,194
bgu708rvea.jpg,194
r1dmxfsp7z.jpg,194
cmoxga5uye.jpg,194
dhni5ryaue.jpg,195
6v3ipghnlc.jpg,195
283irngatu.jpg,195
k94dptf7eu.jpg,195
ifnhte8wqs.jpg,195
vonf9cr8uw.jpg,195
2g5snbv8r6.jpg,195
pj8vfa1bdy.jpg,195
3l1h5kfut9.jpg,195
n58zrgfm1e.jpg,195
ugdlnaf61v.jpg,196
m9cfnzjrwy.jpg,196
l0do9qfg4u.jpg,196
p3mrfz0dj5.jpg,196
7uerqn80km.jpg,196
ldm5q49str.jpg,196
k8mlxtzvho.jpg,196
5sazegv4pl.jpg,196
ux0c9nb5zi.jpg,196
ur6szkhify.jpg,196
j12vlyn96c.jpg,197
6g58i3xt2s.jpg,197
p648hquxov.jpg,197
xm30zatujk.jpg,197
q82gdipwlv.jpg,197
h2zeodtbw4.jpg,197
9emabilzjy.jpg,197
akqw6ugcb3.jpg,197
69ktyrim7u.jpg,197
vksucmbaw8.jpg,197
v0js9w78qt.jpg,198
ktp8nrqx6w.jpg,198
316kp84gzx.jpg,198
wl37mcoqtu.jpg,198
ov1gh4qdpk.jpg,198
cdl87xvigj.jpg,198
dyw6jagi1l.jpg,198
1v2gcmxqw0.jpg,198
fmin1doukr.jpg,198
j34emd928b.jpg,198
mhoulbq30d.jpg,199
a3gncx1vj8.jpg,199
fln5apgiu6.jpg,199
r237k6jydl.jpg,199
mzec42h0a7.jpg,199
4rvchfoz28.jpg,199
94xm20loun.jpg,199
7ply36k5qm.jpg,199
ne81rvduqx.jpg,199
kswb8pmjt5.jpg,199
vapz2d0e6y.jpg,200
w0p5os9myb.jpg,200
klzx4pa8g3.jpg,200
zi684vlmpg.jpg,200
p6xa9geu58.jpg,200
dotn26v83u.jpg,200
ebyk9ncgfu.jpg,200
xhegwmkblc.jpg,200
go7r4mdlxp.jpg,200
hfyw5g6a1k.jpg,200
gm0phedti6.jpg,201
zrg1i5j2vt.jpg,201
zv310diysc.jpg,201
g861hjq0eo.jpg,201
dmkrnea8xl.jpg,201
gakfqev36t.jpg,201
ehu1cb8rx3.jpg,201
e8soz0ldnk.jpg,201
aj23918mle.jpg,201
9cdfb7ezi8.jpg,201
8q7103xz24.jpg,202
w8s69l1hiv.jpg,202
ayezh6x1l7.jpg,202
ahx6wi2lz1.jpg,202
kq2lf6t9uy.jpg,202
3kc085ur1p.jpg,202
23680fkbw1.jpg,202
84v5ui7bx3.jpg,202
ip4872akng.jpg,202
i0hv8t193j.jpg,202
9xbchwtegu.jpg,203
5fh7zcp8ny.jpg,203
0a1h7votc5.jpg,203
m97xzqfvsb.jpg,203
sq5t0yoi27.jpg,203
cqe8nm21xb.jpg,203
ncur7qwv5t.jpg,203
tmd1p5iksf.jpg,203
z9ore680uf.jpg,203
xdguayfb4z.jpg,203
oxrhmn7s9g.jpg,204
16lyj3csrk.jpg,204
fk39h1p4oa.jpg,204
dojy76xpz0.jpg,204
583xman1vi.jpg,204
c5mq78lotn.jpg,204
8blaev976r.jpg,204
ehd26rgoq0.jpg,204
4ucan0q26o.jpg,204
dbzy0jn8oe.jpg,204
o0vyajcu6m.jpg,205
kdmarp5xj1.jpg,205
17at8fyrjz.jpg,205
xcz65ha2sf.jpg,205
mlep321ufs.jpg,205
iwhp0271c6.jpg,205
fi4puxkgel.jpg,205
9kgiqzj17d.jpg,205
7pz3fyhw8t.jpg,205
uaeli2v5sy.jpg,205
wo56q7gun2.jpg,206
dkj0l3w42m.jpg,206
8dgjwrzb0o.jpg,206
cz0jdkr6h9.jpg,206
s6mrg5zw0d.jpg,206
4bpk81twni.jpg,206
uojyhwki0n.jpg,206
fjqnux9goh.jpg,206
ch287fbnt5.jpg,206
irlt370pa1.jpg,206
lw3q2d7xco.jpg,207
zhb425a9ce.jpg,207
cplxhw6ek0.jpg,207
p8ai47w5nf.jpg,207
h8y4mi10qn.jpg,207
nvt6c30p9e.jpg,207
j4bf0yv628.jpg,207
ep8j1kgmr3.jpg,207
s2365oub10.jpg,207
tzp5chyskx.jpg,207
2cjmveo601.jpg,208
oxiw68qr4d.jpg,208
glfynq1p7i.jpg,208
z3g7wb0pah.jpg,208
9dn2gl81jf.jpg,208
teq5r1pnlv.jpg,208
i8zhjl6awn.jpg,208
56xnqeco0d.jpg,208
zhwtxjn53c.jpg,208
6xpm9ijoh4.jpg,208
tou3f7pmi9.jpg,209
zhelcfsn9y.jpg,209
2vzg9j1kbr.jpg,209
kp4ebq7gw6.jpg,209
clfjra2v7o.jpg,209
3fwiax1g6v.jpg,209
zjqclouebx.jpg,209
58deo1cvki.jpg,209
6gvxae72p3.jpg,209
7fve9dspb0.jpg,209
mz5q7vd4jt.jpg,210
qxsmrvoa8z.jpg,210
dpzw7gs8af.jpg,210
l67e9khvj4.jpg,210
sv53ujcf9d.jpg,210
ak7oh5yqcn.jpg,210
afx3pqtshe.jpg,210
lf4n7pykm0.jpg,210
jwpt8ld3n4.jpg,210
cb7q02djin.jpg,210
gaejc2x1yv.jpg,211
wragp32oh6.jpg,211
crilf5enta.jpg,211
r3hzfqscm6.jpg,211
qjnskgeudp.jpg,211
q7k2r5mj6y.jpg,211
r4yhvjs869.jpg,211
7d3ce5x9zo.jpg,211
wst0py26hv.jpg,211
fdlsrbpn6c.jpg,211
6e2v7xt45u.jpg,212
q9dti6vg0x.jpg,212
745f9kaumw.jpg,212
qb2mhd9liy.jpg,212
uyn307avzf.jpg,212
nuktpe7g6y.jpg,212
pso7k648yg.jpg,212
86fch2t1s7.jpg,212
rimyn6vfas.jpg,212
utnpwb4oc1.jpg,212
n73k4y0imx.jpg,213
kf65se24pu.jpg,213
9yegr5ltuv.jpg,213
iokf6mcrq2.jpg,213
pemnd7h95f.jpg,213
dhc3uy8pas.jpg,213
2le43zcqfj.jpg,213
50cfrwdg7o.jpg,213
pinod7vjzk.jpg,213
16hyv9mz8g.jpg,213
gfdtk9amx3.jpg,214
mp0rbu9as6.jpg,214
riv6g7d2qh.jpg,214
zluvr8ojiw.jpg,214
7z53qtv28j.jpg,214
74j8wsaepr.jpg,214
x49ako6cbn.jpg,214
w2p6cht3ly.jpg,214
r6yhpvoqi0.jpg,214
lzrafugvc9.jpg,214
nth1fqwaob.jpg,215
u4stoagwp1.jpg,215
zpviw32thd.jpg,215
1suz7kac89.jpg,215
1jf89myh73.jpg,215
mphda8uisg.jpg,215
h4wpfruq82.jpg,215
1lezfh2jgv.jpg,215
vde7r4uy8g.jpg,215
yrqh5dvngz.jpg,215
c0l6gp5kan.jpg,216
wkin28ve6o.jpg,216
kol0dbpm34.jpg,216
ajzs6h1pn2.jpg,216
kcpuizryl3.jpg,216
4rug69hxo1.jpg,216
iq9dog1skr.jpg,216
980xodeavj.jpg,216
52vcn3os4r.jpg,216
ypum98e5ws.jpg,216
r52wvxckqn.jpg,217
4hmutl07s3.jpg,217
t3a19egwoj.jpg,217
id1qmeu2ks.jpg,217
e0xw97o18r.jpg,217
y7n9rut2sc.jpg,217
prtfdjexg9.jpg,217
0whe2yom8g.jpg,217
e8vxag7m2p.jpg,217
2b45qrx6cd.jpg,217
vpn29j6fq8.jpg,218
ktu314bvyz.jpg,218
rj1ehkny3c.jpg,218
ohv81kpimw.jpg,218
y8cq54wgm0.jpg,218
9a4ryif2xc.jpg,218
nhs2oz6q7g.jpg,218
atvix0fwnq.jpg,218
wpd8temlgf.jpg,218
vne5f9kldo.jpg,218
